episode,reward
0,-107.9412145725719
1,-142.8093470972707
2,-140.53497324811556
3,-127.476014729834
4,-126.89817049639275
5,-122.01811418633461
6,-124.24083880832778
7,-125.56499934922597
8,-124.7847316914884
9,-122.90241775780848
10,-122.24839781512271
11,-124.83922793438734
12,-124.53591796241965
13,-124.8143071506784
14,-122.06241459961821
15,-125.904248280916
16,-124.77474873422601
17,-121.94820470961314
18,-124.68528636312533
19,-126.18576034224277
20,-123.91223373630602
21,-122.00648245472556
22,-125.99241045216296
23,-123.87751102091867
24,-122.51221434575575
25,-126.4657524833502
26,-122.63387032791618
27,-122.7821072186951
28,-126.34161248853877
29,-124.10031936981018
30,-122.0324635076609
31,-125.7260966367678
32,-125.31136067164496
33,-121.40901554633544
34,-124.98642264802173
35,-125.99772335212535
36,-121.7573687972131
37,-124.1313711007986
38,-126.32887047539447
39,-122.08627951941644
40,-124.46246603613089
41,-125.41834761539944
42,-121.67300851687276
43,-126.90895123634738
44,-122.93028973513523
45,-123.29717783138531
46,-126.235790744561
47,-122.96312077088646
48,-123.0543982716963
49,-126.69193499715077
50,-121.6547637690341
51,-125.34327936365229
52,-124.50760638305705
53,-121.92087777390957
54,-126.48721684080058
55,-122.95269772929828
56,-123.62853004595738
57,-125.99637673402886
58,-121.6565743236284
59,-126.31104071188118
60,-123.19862515511807
61,-122.58194087014289
62,-126.25228145958638
63,-123.76586938249598
64,-122.35385759559608
65,-125.84268567957466
66,-124.16267401705664
67,-122.42066623318425
68,-126.46491678655192
69,-122.84076892472424
70,-123.93908718617712
71,-125.77179162631646
72,-121.61305821828469
73,-124.85947586903995
74,-125.51576877312381
75,-121.45841353884673
76,-126.4640203191644
77,-122.6469818330402
78,-124.31670454077678
79,-125.27837895110743
80,-121.27011290144094
81,-124.61754348481338
82,-126.23759287306906
83,-121.66234156191472
84,-124.53337546908516
85,-125.86434621655218
86,-121.32716952691142
87,-124.74151558948189
88,-124.84216241874977
89,-121.65912163356263
90,-126.41494366514169
91,-122.73187648550902
92,-123.79426003122373
93,-125.50896139879065
94,-121.14514748623878
95,-126.1914231960914
96,-123.17534299355799
97,-122.20402968559259
98,-126.12476104031342
99,-123.44256582185503
100,-121.72323969067389
101,-125.93145473311402
102,-123.25000581276105
103,-122.26747423097054
104,-126.07363010643004
105,-123.59068775148289
106,-122.03505957803497
107,-125.89068457840311
108,-123.78835698619108
109,-121.78153205089087
110,-126.03809392478088
111,-122.33377886315122
112,-124.34276872932436
113,-128.55476079619072
114,-122.00576079974054
115,-124.35656910427406
116,-125.92299434100637
117,-122.25079924213935
118,-124.70921177164824
119,-124.5810929301846
120,-121.87062976806821
121,-126.84976903713412
122,-121.49323399616104
123,-125.46256436492627
124,-125.00040182462385
125,-121.46090989589155
126,-125.33639273400665
127,-124.86101967961066
128,-121.95327987894957
129,-126.30033587493696
130,-122.05840602737786
131,-124.83018329051093
132,-125.470144218695
133,-121.50513078235142
134,-124.63586078389014
135,-125.26463373885495
136,-120.56417936164753
137,-125.50997940360591
138,-123.61339718001959
139,-122.02026655205525
140,-125.9829731953948
141,-122.75542664607461
142,-121.93501665257284
143,-125.78622698707346
144,-121.73592416291376
145,-122.48810008292232
146,-125.27640396237139
147,-120.5181235027291
148,-124.95654886067629
149,-123.63050823001599
150,-121.18331099715958
151,-125.19982208311897
152,-124.45223096527339
153,-120.64609343926516
154,-124.59345154334764
155,-123.83451881290777
156,-121.83630100371363
157,-126.78017035167582
158,-123.67491210717503
159,-123.78693957261171
160,-127.84565408766636
161,-123.73709046088445
162,-124.64657890027638
163,-127.39586379689428
164,-124.22815809343494
165,-128.66448514147083
166,-122.26797678244951
167,-124.07690156683651
168,-125.14820004995354
169,-122.5420817797135
170,-126.8300622966145
171,-126.92054302628263
172,-124.93846762840056
173,-127.11132265446602
174,-120.82035348171665
175,-125.74911189944542
176,-126.12453355405935
177,-124.02763587698242
178,-128.42453691699927
179,-127.20455690703707
180,-123.55978823264844
181,-126.43169280395752
182,-122.25614678998475
183,-125.27184804864241
184,-125.77872767040732
185,-122.81031118714802
186,-127.59682734043231
187,-127.1718587465062
188,-124.57939439354433
189,-129.2033777379981
190,-127.77961699522676
191,-125.41689967402796
192,-128.3698991428891
193,-122.99026564986507
194,-127.95425800960048
195,-125.65647735930176
196,-125.0117958241609
197,-129.4135496070117
198,-124.32524645384952
199,-128.14416097613065
200,-125.30431491290963
201,-124.53190773761216
202,-128.44990807485354
203,-123.47399947072789
204,-124.12591267554734
205,-127.93086576041813
206,-123.68922019928446
207,-127.95976354803534
208,-125.00731043145535
209,-123.44623516920544
210,-126.76490583559509
211,-122.27812855851009
212,-123.40600046686224
213,-126.74982989086563
214,-121.72686009687331
215,-125.17071905162189
216,-125.88215145198816
217,-123.57012311559275
218,-127.39267060635346
219,-122.55528749966727
220,-125.95438203347554
221,-124.73484121276775
222,-120.5305474868214
223,-124.94974415166106
224,-123.73383702348285
225,-123.21635121298557
226,-127.94718140672225
227,-123.40663616897453
228,-127.64132464494216
229,-129.89159026175062
230,-123.62260086901605
231,-125.65753093527383
232,-124.84202249189687
233,-125.70819793043084
234,-126.795875354102
235,-124.10769492591233
236,-127.99112464959374
237,-124.026499946479
238,-124.20919002069598
239,-126.03362825516174
240,-122.28142140359346
241,-122.39448516027127
242,-124.63929806391465
243,-121.80537743900635
244,-126.69359688913659
245,-121.23837492102764
246,-125.42157344343903
247,-124.80110445942744
248,-121.56364811056415
249,-125.86358204640959
250,-120.58116066883622
251,-125.47653534302358
252,-120.98063063342315
253,-125.59601610653309
254,-121.97215197536063
255,-121.79102842574818
256,-126.05689297809874
257,-122.17310809909634
258,-125.80675474302143
259,-125.5602782850202
260,-123.34048940115574
261,-126.8551309065186
262,-120.96646047026279
263,-125.21290002493306
264,-122.30146752894511
265,-121.33783088992182
266,-124.93709460777515
267,-120.30751910950374
268,-125.57204969430173
269,-123.06205165242609
270,-123.82732129819117
271,-124.76319264759388
272,-121.99509029993142
273,-126.40738619080115
274,-121.41678551948819
275,-126.52488435518516
276,-121.79723856128076
277,-125.7681651770032
278,-122.69068499339839
279,-123.92572342816266
280,-122.89849515553233
281,-123.86043503906497
282,-122.88338692229192
283,-123.13520423844655
284,-124.01022492934898
285,-122.44252744574807
286,-125.4134954461775
287,-121.71046275560617
288,-126.23298447187277
289,-121.1617844592413
290,-125.6168677068327
291,-123.56992650448578
292,-122.33207570853139
293,-124.4373616169982
294,-121.08945914383519
295,-125.56563316789399
296,-119.83765054615144
297,-125.0094045361198
298,-121.08039645731873
299,-123.59542082015132
300,-123.19562301570902
301,-121.49905415065993
302,-125.21843016621011
303,-120.45159033827963
304,-125.51815484089799
305,-120.99041580853753
306,-124.88371475940102
307,-122.60623190760141
308,-121.68520266878127
309,-125.26450591490881
310,-120.90300895444547
311,-125.65631755230278
312,-120.57041061794601
313,-125.60283784947187
314,-121.15483830843559
315,-123.93576748249505
316,-124.03705299824604
317,-120.45762070000609
318,-125.63953603179519
319,-120.68641182605843
320,-123.4821911938417
321,-122.88504666091379
322,-121.57267775655592
323,-124.52447759481613
324,-120.1235109753985
325,-124.94355482393074
326,-121.51166327892929
327,-122.53543632805369
328,-123.48540422056651
329,-120.4962245655822
330,-125.05977290133421
331,-120.15046016057607
332,-125.14372846687347
333,-120.1575312135038
334,-124.17937847067275
335,-122.15143143624645
336,-122.73320225624202
337,-123.63517986230354
338,-120.41849741818719
339,-124.86589174290205
340,-121.03632572920016
341,-124.17533564581893
342,-120.85145327367984
343,-124.99744554258662
344,-120.55183991940554
345,-124.69601360022084
346,-120.98224933010415
347,-125.23590452197786
348,-120.26643546201717
349,-125.10201025435356
350,-121.61494382860674
351,-122.99196885813562
352,-122.48849941904348
353,-123.65132721757702
354,-121.83243454604724
355,-123.3105561580016
356,-124.11462127044653
357,-120.59940752405022
358,-125.59344103928706
359,-121.51779224542004
360,-122.35950452426383
361,-125.16589475625302
362,-120.28991964651102
363,-125.21321102042842
364,-121.42100889229059
365,-124.54331994948615
366,-122.9850453518592
367,-121.2970016383496
368,-125.65144047777794
369,-120.44479246273931
370,-125.88819032677497
371,-120.14315913724927
372,-125.54035151176427
373,-120.80070663045232
374,-124.18675149029595
375,-122.74524957708361
376,-121.47112523794476
377,-125.28623842290106
378,-120.09035588725095
379,-125.55590605059587
380,-120.41117851088185
381,-125.17631922404114
382,-121.37385768089601
383,-123.90851557973
384,-123.55958567093055
385,-121.3405391393977
386,-125.42256366470673
387,-120.18501982644804
388,-125.17225008256118
389,-121.16965915625734
390,-123.6613290515888
391,-122.28481868840649
392,-122.54673709696539
393,-124.53845123530175
394,-120.32770918319704
395,-125.43347168191441
396,-120.26669100583405
397,-125.16938149383954
398,-120.6697603623933
399,-124.82301614082967
400,-120.67739620250575
401,-124.27733478848812
402,-122.35786852347107
403,-121.54758128799486
404,-124.64738209665653
405,-120.39881935901221
406,-125.64362235650601
407,-120.12414020832699
408,-125.32312672132339
409,-120.63340343919504
410,-124.2698123760046
411,-121.66560711942384
412,-123.32198565098265
413,-122.38325150280436
414,-122.60558315675132
415,-123.19269669701808
416,-122.01890360774627
417,-124.35069913513894
418,-120.34021254647816
419,-125.20581418065765
420,-120.56170470844569
421,-124.23235371001624
422,-122.2221965640746
423,-122.54387009693522
424,-123.83267085343459
425,-120.92427594264377
426,-125.47067045133726
427,-120.23343270840537
428,-125.16453194405952
429,-121.04614205256468
430,-124.07409300785892
431,-121.24566005168288
432,-123.8678996340035
433,-122.12103296237899
434,-122.70060880483933
435,-123.84836639048243
436,-120.48648155076589
437,-125.42320344174506
438,-119.95636778048507
439,-125.18703297220276
440,-120.21723975211532
441,-124.80209146721376
442,-120.60492236604003
443,-123.44358657479755
444,-123.61436930688726
445,-120.73420163622224
446,-125.12156674604695
447,-119.87038459733853
448,-125.21304439489903
449,-119.80631314912529
450,-125.48760809418992
451,-119.82622654125298
452,-124.73812165524018
453,-121.88244788076354
454,-121.6784423064105
455,-124.83991885674955
456,-120.13811290073973
457,-125.11396987260034
458,-120.11918385693619
459,-124.53407933116794
460,-120.74485048657763
461,-123.50709855171633
462,-122.92851028736587
463,-121.29976578535015
464,-124.50820857530269
465,-120.48628885389374
466,-124.83432152038506
467,-119.84192629256293
468,-125.34010481361217
469,-120.03145486744154
470,-125.34829034405865
471,-119.89552704356684
472,-125.10499169856776
473,-122.02407589747764
474,-121.17514150546252
475,-124.64656468309546
476,-120.01391647996329
477,-125.08959353775013
478,-120.11027489402325
479,-123.8981604790444
480,-123.08787482098356
481,-120.63801483141194
482,-124.71893295789118
483,-119.85275275464974
484,-125.46154492729643
485,-119.97811196157171
486,-124.5705241572487
487,-121.65902158710631
488,-121.81555592612256
489,-124.57982531925445
490,-120.18777056733025
491,-125.0779471636848
492,-119.85987888424289
493,-125.30781411440982
494,-119.8431854281139
495,-123.2212810332668
496,-123.30128134101356
497,-120.2169962602009
498,-124.92146688286853
499,-120.10569763399253
500,-124.31597957486252
501,-121.62887201917088
502,-122.98195652964043
503,-122.98594986222284
504,-121.23386524033425
505,-124.82551343893206
506,-119.87139668404535
507,-124.87247851409849
508,-120.40863608553697
509,-123.95428125527985
510,-122.09358332218314
511,-122.13465795204273
512,-122.90077341325784
513,-121.14700706864035
514,-124.82691207504011
515,-119.96985282989648
516,-124.85467861574747
517,-120.82826595588708
518,-124.24553837068234
519,-122.25222603341983
520,-121.97495843924376
521,-124.07379590974898
522,-119.99653196316544
523,-125.37446887707873
524,-119.97748542295166
525,-124.9549385891533
526,-120.4293815908448
527,-124.4161271526189
528,-121.89365003643964
529,-122.19228303477365
530,-124.36573331431238
531,-120.20673258993796
532,-125.31230052558443
533,-119.81411887347478
534,-125.12178719701633
535,-120.03315932193287
536,-125.54608733617373
537,-120.19842358989216
538,-124.72494862791851
539,-121.47687446092333
540,-122.53463956751465
541,-124.01205542231737
542,-120.64502245558604
543,-124.65491589963057
544,-120.14149051077635
545,-125.22321828036802
546,-119.77811923194454
547,-124.55132776112173
548,-121.59979884635084
549,-121.76744764443676
550,-124.67285883212148
551,-119.91882870818175
552,-125.15823067915177
553,-119.9010055784197
554,-124.81182080407862
555,-120.63919727190147
556,-123.23099738821779
557,-123.52401791782324
558,-120.58466890268039
559,-124.87867569141027
560,-119.69180450344567
561,-125.16911246900052
562,-119.67202310370148
563,-125.01966311186195
564,-119.98025577448155
565,-124.448730330413
566,-121.30630226092542
567,-123.24409575890837
568,-121.6208758177265
569,-123.8453256171873
570,-120.88862292861592
571,-123.61483115843534
572,-121.87136047220925
573,-121.70447457106758
574,-124.18021185560436
575,-119.70653191038276
576,-124.93523129351514
577,-119.99445000196637
578,-123.96272620435577
579,-121.6460498365665
580,-122.28755343998452
581,-123.71732006190786
582,-119.84108462804059
583,-125.12043582829105
584,-120.03262792210813
585,-124.69555633449984
586,-120.41213987322948
587,-123.82829574902804
588,-121.7226280184284
589,-122.3060490987157
590,-123.8050507036626
591,-119.61801244196528
592,-124.93983182553308
593,-119.8193856314543
594,-124.19004709403404
595,-120.7771678226336
596,-123.4598099866689
597,-122.37638524590848
598,-121.52994405905875
599,-124.29613181179265
600,-119.44418938324833
601,-124.77999782183086
602,-119.94150284414586
603,-124.984449034182
604,-119.89695862160221
605,-124.78793026837667
606,-120.90253514535725
607,-122.2754216806571
608,-123.21145020253992
609,-121.01830376554513
610,-123.57017934908518
611,-120.66169844641439
612,-124.23720558972136
613,-119.78896099211103
614,-125.1260381541709
615,-119.82846791379441
616,-124.5970052790069
617,-120.86234254415831
618,-123.94602477854936
619,-119.87879330678888
620,-125.10791929193235
621,-119.68889465200317
622,-124.72562322716148
623,-120.90135287345184
624,-123.64407675670604
625,-121.33471821259286
626,-123.44215801687396
627,-120.69635086937816
628,-123.59734884438426
629,-121.14784305520908
630,-123.18969642016428
631,-121.60460740750555
632,-123.07296512893669
633,-121.52346434648439
634,-123.49231430957808
635,-121.65140460445366
636,-122.00609497613317
637,-122.89233922466889
638,-121.22305101526942
639,-124.06721016028924
640,-120.67427833351435
641,-123.38972383378629
642,-121.49774045640227
643,-122.68713931140931
644,-122.14378091260001
645,-123.19967417167611
646,-120.86541896836266
647,-125.05754886006754
648,-119.90885115287716
649,-124.8835571854972
650,-119.85144792285568
651,-124.89186474793615
652,-119.4292966308967
653,-124.92253632626824
654,-120.26712830661114
655,-123.49464058104056
656,-121.26184846264871
657,-123.44554369521111
658,-121.24211050859502
659,-122.12187260345274
660,-124.13564022072698
661,-120.28413894385375
662,-122.37087440299595
663,-124.62958208781826
664,-120.38044668691464
665,-123.14348402727941
666,-121.8278313680075
667,-123.3400464315584
668,-120.85656539924155
669,-124.0049399675364
670,-121.81705406093435
671,-121.63886577115505
672,-124.1340641284311
673,-119.67593803228705
674,-124.77629907409299
675,-119.81410728379694
676,-125.16625043606871
677,-119.85641057351087
678,-124.55355987916823
679,-120.42431613719835
680,-123.16703487429585
681,-122.49206605448087
682,-121.19982260570323
683,-123.57698710348704
684,-120.50527523583975
685,-124.82162680974447
686,-120.94921428675734
687,-121.31051548947097
688,-124.80445309103216
689,-119.79622707077891
690,-124.63034429651265
691,-120.68292848473213
692,-124.01815598134073
693,-120.53326779524836
694,-123.74901372688096
695,-121.53552459390595
696,-122.13068934246803
697,-123.06186623664898
698,-121.10064722690475
699,-124.03042573880191
700,-120.62741784135457
701,-123.41076490909762
702,-122.19339809697502
703,-122.48843793697375
704,-121.50403461855669
705,-123.99377459494517
706,-120.4398680697634
707,-124.74047131650597
708,-120.25287898340858
709,-124.31325775784786
710,-120.75590698640707
711,-124.18574456621344
712,-119.92855864483522
713,-124.4357135593883
714,-121.18809492794217
715,-122.37798220473029
716,-122.6463403409217
717,-121.9203094257265
718,-122.20523156989684
719,-122.14173170008097
720,-122.98957032262022
721,-121.12834156508985
722,-124.25316772542124
723,-120.06164507419888
724,-125.04962000726339
725,-119.66213273129468
726,-125.03785840043675
727,-119.6643919289678
728,-124.98686101475072
729,-119.89868882931067
730,-125.04785403072127
731,-119.92928799124093
732,-124.44120869737041
733,-120.49912072830894
734,-123.97312829110335
735,-120.28790997158066
736,-124.04163840048356
737,-120.97771774303393
738,-122.40702255280232
739,-122.56413476048218
740,-121.41716123480609
741,-124.09479499119962
742,-120.41834025606833
743,-123.89109845256588
744,-121.2983953758753
745,-123.26473832619712
746,-120.99509826065231
747,-123.96031075641613
748,-120.39365034855503
749,-124.58466715332808
750,-120.16188543466507
751,-123.1705144456915
752,-122.72274380008452
753,-122.12125411090562
754,-121.95039166522592
755,-123.23924160532337
756,-121.30430886005058
757,-124.74476666504458
758,-120.10558533940694
759,-124.63854674333199
760,-120.60423066597288
761,-124.4195429359114
762,-120.70854268022298
763,-123.45040745540679
764,-121.94486498612457
765,-122.65095585750261
766,-122.19466329374173
767,-122.58076745488927
768,-123.01508237743637
769,-120.71491218823148
770,-124.03448751916898
771,-120.8982809022335
772,-124.98813670081366
773,-120.89968378265532
774,-122.68814479987687
775,-122.16792928129338
776,-122.80818005675832
777,-122.40924006008886
778,-120.95001968219628
779,-124.76826107335134
780,-120.18785414232913
781,-123.77110162857672
782,-122.34212088682561
783,-120.69055899010745
784,-124.40192324934398
785,-120.53358040733725
786,-124.15772665712582
787,-119.98815690793904
788,-124.91348221599283
789,-119.95777570625735
790,-123.96713660133969
791,-121.41396464515353
792,-123.36919973041772
793,-121.26633538916593
794,-123.46353694772358
795,-122.76836017947642
796,-120.58884431756914
797,-124.86360033645649
798,-119.97989040087215
799,-124.59625219642294
800,-120.14157244018477
801,-124.74696524099045
802,-119.6059583839363
803,-125.20234015224278
804,-120.41196794277076
805,-123.81359683602143
806,-121.53640613813216
807,-122.81876445184135
808,-122.56623125584481
809,-121.05557817271796
810,-124.6533844203833
811,-120.20394097334894
812,-124.9013184793171
813,-119.9424465547039
814,-124.74216950579267
815,-121.11612710084674
816,-121.71807497247113
817,-124.09546482445096
818,-120.44005139357371
819,-124.41650508484507
820,-120.33676325264547
821,-125.3920646497129
822,-119.72977499841141
823,-124.8383112516949
824,-120.83589367299489
825,-124.08302290376903
826,-121.16277387649893
827,-124.44268454090896
828,-120.10065970431666
829,-124.93177497440294
830,-120.23043871148813
831,-124.46385757139065
832,-121.41055853548804
833,-122.78784008070627
834,-122.50168356158491
835,-122.49956722043025
836,-121.55610966484859
837,-123.61916085321745
838,-122.60647176291371
839,-121.43228439358012
840,-123.94526155101053
841,-120.2791906492479
842,-124.30606817636895
843,-120.40242789254614
844,-125.04675794556847
845,-119.8289588366016
846,-125.33999447043053
847,-120.35043340800527
848,-123.86949632132698
849,-121.82064186806694
850,-122.25879706139237
851,-123.05469169480558
852,-122.24603461087514
853,-122.16349853400048
854,-122.6548053776502
855,-122.35340006081323
856,-121.93821933159415
857,-123.95655001724515
858,-120.3723309656134
859,-121.75790692236905
860,-124.65305623060046
861,-119.96136839028948
862,-125.16864563854412
863,-120.20564959286244
864,-124.40529496195506
865,-120.92605530255493
866,-123.43757639185004
867,-122.3895499431639
868,-122.20931718718008
869,-122.7324657298892
870,-122.2544580543235
871,-123.0957339695982
872,-120.39797413787012
873,-125.15053851762521
874,-120.23298392562599
875,-124.22364353543871
876,-121.54528384746502
877,-124.25599705635818
878,-120.05834456057791
879,-125.0303038974981
880,-120.46176124167646
881,-124.27415927167401
882,-121.3807619049901
883,-123.15323133104644
884,-121.7740608985164
885,-123.14631745202135
886,-122.14463822059867
887,-121.9267838841695
888,-124.00665727743048
889,-120.17669166325773
890,-125.11532391921999
891,-119.70644990873781
892,-125.07332339351197
893,-119.8434107686865
894,-125.26653896528016
895,-119.81744200553007
896,-125.22220613313345
897,-119.77576475428681
898,-124.61222802575712
899,-120.98297622468239
900,-123.23861290145742
901,-122.59738204031689
902,-121.75375566979922
903,-123.34103696910054
904,-121.29097267941191
905,-125.06124065354335
906,-120.6859007687288
907,-121.99925295248735
908,-124.43832965109081
909,-120.02883768625446
910,-125.28728393481975
911,-120.15760163752677
912,-124.75725913859254
913,-120.86133343027193
914,-123.70673486714064
915,-121.80827428812933
916,-121.98854599218552
917,-123.76978737786342
918,-121.31293781529145
919,-123.85399918776291
920,-121.17928050481966
921,-123.32372369907542
922,-121.42778672189586
923,-124.03332490764961
924,-120.54403875516547
925,-124.66259463811821
926,-120.27990776762906
927,-125.01008928391721
928,-120.15643974113576
929,-124.85916464127277
930,-120.04398048339365
931,-125.28551862202046
932,-120.12166090581331
933,-124.13732009558602
934,-121.73751657707477
935,-122.96947015836564
936,-122.04462256057577
937,-123.36381823305608
938,-121.31888148490128
939,-123.62591588538757
940,-121.88990983662725
941,-121.86584902160028
942,-123.93519001776963
943,-120.87457510051318
944,-124.70543936121179
945,-120.30840581732676
946,-124.86138295882158
947,-120.36466158198256
948,-125.17058971334102
949,-120.6655578875181
950,-123.45434612617392
951,-122.65330838609677
952,-121.90165055571806
953,-123.8286340097858
954,-122.00144439207409
955,-123.47396685846887
956,-121.29813035080733
957,-124.12253668186146
958,-120.71616880010157
959,-124.45200985739191
960,-120.39739261585872
961,-124.42132214305974
962,-121.88789087570598
963,-124.15038779172507
964,-121.24394941665919
965,-123.17517768333144
966,-122.2387401986959
967,-122.57999494762069
968,-122.55561547054673
969,-122.93089129222462
970,-121.59709609405175
971,-124.08476691869853
972,-120.6678367803227
973,-123.58021051623878
974,-122.33983627665381
975,-121.74574159632668
976,-123.83702364631976
977,-121.3752096791049
978,-124.3437161629542
979,-121.76537487290516
980,-122.753357827041
981,-122.52771607706597
982,-123.20015767527576
983,-121.31498585419237
984,-124.25315738812495
985,-120.27894330643687
986,-124.58923509899282
987,-120.56163559260693
988,-125.14300708205582
989,-119.79496943699166
990,-124.90177547541114
991,-120.74722143723815
992,-124.06205516613268
993,-121.65139616888213
994,-124.02955438963703
995,-120.52543345623029
996,-124.09791038541091
997,-121.97758278474258
998,-122.32792190302943
999,-123.29089184450146
1000,-121.57102920811357
1001,-123.6907682438597
1002,-120.97702338182823
1003,-123.91480786239168
1004,-122.10478096876237
1005,-121.89689147634665
1006,-123.0127774517261
1007,-122.38697311366391
1008,-121.87485180511514
1009,-123.41799062325973
1010,-121.49359934497636
1011,-123.95079206206437
1012,-121.69385735797958
1013,-123.20311840466535
1014,-121.90061098412357
1015,-123.93598055911824
1016,-120.68209125270234
1017,-124.6115600210596
1018,-120.15145085454115
1019,-124.9307367810202
1020,-120.31794160612704
1021,-124.90196719457191
1022,-120.23870381897753
1023,-125.09009014343526
1024,-120.30104062034185
1025,-123.93271632477622
1026,-122.73906697943816
1027,-121.18693098720932
1028,-124.77538291488763
1029,-120.34598161442848
1030,-125.30939956554668
1031,-120.15345443201461
1032,-124.12390897301073
1033,-121.65288803587632
1034,-122.72266852996734
1035,-123.31006052933247
1036,-121.39198812168495
1037,-123.13104302521283
1038,-122.00018541749114
1039,-122.65558750222698
1040,-122.75116814522475
1041,-122.89058743718506
1042,-121.80938454423267
1043,-124.30834690592008
1044,-120.31610453969532
1045,-125.2118716887522
1046,-119.82339496949292
1047,-125.36362829131573
1048,-120.49400341560913
1049,-124.00401800416059
1050,-121.7379073683295
1051,-122.92971065128178
1052,-122.51789705314786
1053,-122.84199382599803
1054,-122.1338966331891
1055,-122.90592047387666
1056,-122.6937509052077
1057,-121.09787932964898
1058,-124.12737716711769
1059,-123.46713047716953
1060,-120.31727210205271
1061,-125.04119385246096
1062,-120.89487556420914
1063,-123.5751199138995
1064,-122.10336744082234
1065,-122.78910309014299
1066,-122.74989492651605
1067,-121.23604574429255
1068,-124.45470034810774
1069,-120.66615976344319
1070,-124.59448895396571
1071,-120.44028774071404
1072,-124.89760576333146
1073,-119.95250028705644
1074,-125.14596986047817
1075,-119.89778863584695
1076,-124.85153772684684
1077,-120.33606141965174
1078,-124.71895917993791
1079,-121.28167901658901
1080,-123.39387163338544
1081,-121.45216190416207
1082,-123.14381518138681
1083,-123.48748628710642
1084,-121.03619405957282
1085,-125.00805058687291
1086,-119.90970784145368
1087,-125.17328558240588
1088,-120.1647225051403
1089,-125.0693255559537
1090,-120.40299382726656
1091,-123.73760142304381
1092,-124.10314365629819
1093,-120.53809160095012
1094,-124.03103175873174
1095,-122.21967206004217
1096,-122.79588848715768
1097,-122.22238820019471
1098,-122.44045183702363
1099,-123.90854558444272
1100,-120.43336008911939
1101,-124.43248492163984
1102,-123.21341347381626
1103,-120.85339920652139
1104,-125.09172744085484
1105,-119.95219325657428
1106,-125.28287223164634
1107,-120.0682541077173
1108,-124.27596720835126
1109,-121.49989547745889
1110,-122.75145299683564
1111,-122.93709924274904
1112,-121.94035745283279
1113,-123.30195817694923
1114,-121.9076024472943
1115,-123.86361816055799
1116,-120.34740893450673
1117,-124.94839443770542
1118,-121.4532876450419
1119,-123.15529552958768
1120,-122.71923561941828
1121,-122.37881029552847
1122,-123.46783282437977
1123,-121.69795640164372
1124,-123.95681992451621
1125,-120.70117772744524
1126,-125.1636976385938
1127,-120.04741415742463
1128,-125.27046757918546
1129,-120.15490164994654
1130,-125.14001780118248
1131,-120.11773178895363
1132,-125.50509080773443
1133,-119.79471220153683
1134,-125.36312809598061
1135,-120.04678733960633
1136,-124.08087245018167
1137,-121.55858218545762
1138,-123.07552705665536
1139,-122.76321532240965
1140,-122.27055301088411
1141,-123.21079419414907
1142,-120.92066201878386
1143,-124.87519395025946
1144,-120.1873737274185
1145,-125.19140013373685
1146,-120.21516035612946
1147,-125.10558185117868
1148,-120.04435014484983
1149,-125.67979849617706
1150,-119.9469240318823
1151,-124.48385036431611
1152,-120.76967174526997
1153,-124.20478449804311
1154,-121.48242808613651
1155,-123.54204578051855
1156,-121.76347702218477
1157,-123.30200474664437
1158,-123.14991236318043
1159,-121.071844340463
1160,-125.04818571497918
1161,-119.97639459628563
1162,-125.38129931885845
1163,-120.05198459841813
1164,-125.28366601523672
1165,-119.93984848795306
1166,-124.94672647797218
1167,-120.99732437662858
1168,-122.82207480984458
1169,-123.82162032758492
1170,-120.26716061241568
1171,-125.20585612061699
1172,-119.97135201010468
1173,-125.28683113746878
1174,-120.28695883875146
1175,-122.37897748105632
1176,-124.60207000154162
1177,-120.54000011122615
1178,-123.79068217769297
1179,-122.01421782665835
1180,-123.09939578019342
1181,-122.26840233433923
1182,-122.11528021950667
1183,-123.45816680275499
1184,-120.86743613932948
1185,-124.81210815003045
1186,-120.5260623257525
1187,-125.28328444870057
1188,-120.08383605416276
1189,-124.94137500284366
1190,-120.42554229452097
1191,-125.50459754981047
1192,-120.10371540428105
1193,-124.9279238537071
1194,-121.64638860782314
1195,-122.11383694979357
1196,-124.0715230569704
1197,-120.65277205308557
1198,-124.97309043258984
1199,-120.0062558660745
1200,-125.42112191107032
1201,-120.19524994980662
1202,-124.72315180063165
1203,-120.82446760056786
1204,-124.1687192832572
1205,-120.92551481061452
1206,-124.5247298255875
1207,-120.36725120052168
1208,-124.78596808159594
1209,-121.61051417236858
1210,-123.01626374646649
1211,-122.54308456280275
1212,-122.19228286268888
1213,-123.35353130786464
1214,-122.60262914415276
1215,-123.27800513006122
1216,-121.6118975393874
1217,-124.3728896319496
1218,-120.64903354771025
1219,-125.43122268674561
1220,-119.80692330165597
1221,-125.30798898298355
1222,-120.03880865452875
1223,-125.43870194763713
1224,-119.72936484315431
1225,-125.45042939034573
1226,-120.37614452209934
1227,-124.61757767766368
1228,-121.46399345200963
1229,-123.44057252037902
1230,-121.76514332110222
1231,-124.77766060345942
1232,-120.04960989117536
1233,-125.23083877445612
1234,-120.19297866124964
1235,-125.22597168163985
1236,-120.08567146729138
1237,-124.37798917932008
1238,-121.3240483729038
1239,-124.31028072819707
1240,-121.08564065749954
1241,-124.55236790209786
1242,-121.1526849700632
1243,-123.88625786935255
1244,-121.77081456697577
1245,-122.75461841031516
1246,-123.65800172986253
1247,-120.9383053199228
1248,-124.64816589209484
1249,-120.58684979416412
1250,-125.14938891531082
1251,-120.11556905796714
1252,-125.30374917353352
1253,-120.05380740824525
1254,-125.26280090336333
1255,-119.90349670418489
1256,-125.34438107390078
1257,-120.11274185744692
1258,-125.25931079341348
1259,-120.26431931046382
1260,-125.17812504009036
1261,-120.5673755366781
1262,-124.7543174110998
1263,-121.30980949061949
1264,-124.17556176980085
1265,-121.08400402955812
1266,-124.70638942581611
1267,-120.70713013726413
1268,-123.43957151070204
1269,-122.13066760466037
1270,-123.16577424832411
1271,-123.04874102226594
1272,-121.54009488901742
1273,-124.60098237056829
1274,-120.39536217053916
1275,-125.23311448362243
1276,-120.6624588017829
1277,-123.81070011518041
1278,-122.65245744540589
1279,-122.17939772184721
1280,-123.25321857747976
1281,-121.63981821395508
1282,-124.06153475392433
1283,-121.3880714208867
1284,-124.3635306299879
1285,-120.24452011900017
1286,-125.2421394020956
1287,-120.13067248525441
1288,-125.6659653065283
1289,-120.15086747949137
1290,-125.37768188582483
1291,-119.90778065346251
1292,-125.50186232183599
1293,-120.0278382079452
1294,-125.31085377621372
1295,-120.23752360427372
1296,-124.86972952167115
1297,-120.72440718473402
1298,-124.83913143502978
1299,-120.28471497845618
1300,-125.1956666526775
1301,-120.19993857870556
1302,-124.75896807608633
1303,-121.19719164222613
1304,-122.5393833289539
1305,-125.07533307073267
1306,-120.33625320030093
1307,-124.58510238321989
1308,-121.62780579743814
1309,-123.20685090626284
1310,-123.07809292278762
1311,-121.23375354183058
1312,-125.19935251879517
1313,-120.29625299047352
1314,-125.31052020444388
1315,-120.0600412632474
1316,-125.44801465834053
1317,-120.42371116648773
1318,-125.44448355285486
1319,-120.24652412594737
1320,-125.2861201434376
1321,-121.07565876691012
1322,-124.42234637869248
1323,-120.87998091826134
1324,-124.61194891052246
1325,-120.75069152863703
1326,-124.48101354034313
1327,-122.13829273152811
1328,-122.31186845213368
1329,-124.06394931190917
1330,-120.79805050148528
1331,-124.92596940577934
1332,-120.8932624624286
1333,-124.31246175855718
1334,-121.11019150709323
1335,-124.58958307005338
1336,-120.62863463639306
1337,-125.48829980837439
1338,-120.84172100369008
1339,-124.45548787935445
1340,-121.76622919746902
1341,-123.68468291156067
1342,-121.5575315478252
1343,-123.69654606623733
1344,-121.87584244178825
1345,-123.73651195861024
1346,-121.51811569185725
1347,-123.48525761390115
1348,-122.43361856922664
1349,-121.86171668659338
1350,-124.05260048461757
1351,-121.00225435610835
1352,-125.22732109257079
1353,-119.98238518613904
1354,-125.24574794824156
1355,-120.41414500347135
1356,-124.98780421353845
1357,-120.75905874487472
1358,-124.67788952560689
1359,-121.58293213181872
1360,-122.6111854736576
1361,-123.90062824925974
1362,-120.67815317540258
1363,-125.2282711300548
1364,-119.77882269962251
1365,-125.64256737552067
1366,-120.16517497840383
1367,-125.12939096835686
1368,-120.2809732989692
1369,-125.6049900428601
1370,-120.45172701693393
1371,-124.80937453808279
1372,-121.35823784800677
1373,-123.84925111877459
1374,-121.27802153652343
1375,-123.97437436723867
1376,-121.74899828455305
1377,-122.89911900450146
1378,-123.71633583804571
1379,-120.77012177482476
1380,-121.40999338930202
1381,-123.76071355595762
1382,-122.12707893299601
1383,-122.98084114260801
1384,-123.64102648404618
1385,-121.01141344278375
1386,-123.70498281983383
1387,-122.81902913023926
1388,-121.86584102592003
1389,-124.58324184420657
1390,-120.1035853113997
1391,-125.4872887471028
1392,-120.00697301471426
1393,-125.24825387169327
1394,-119.93445814598988
1395,-125.2496481843494
1396,-120.42635216112559
1397,-123.96086372912983
1398,-122.92291204466548
1399,-122.47048875084609
1400,-121.93129364434354
1401,-121.28214076608283
1402,-125.27130171245355
1403,-121.01169685456823
1404,-123.69977739247445
1405,-122.571144870162
1406,-122.8390545339106
